"DESCRIPTION","DURATION IN MS","NAME","PARENT SUITE","START TIME","STATUS","STOP TIME","SUB SUITE","SUITE","TEST CLASS","TEST METHOD"
"","112654","Real Test Execution","","2025-11-25","passed","2025-11-25","","Real Test Dashboard","",""
"","21708","Real Test Execution","","2025-11-25","passed","2025-11-25","","Real Test Dashboard","",""
"","63004","Parallel Instance 9","","2025-11-25","passed","2025-11-25","","Parallel Execution","",""
"","48896","Parallel Instance 1","","2025-11-25","passed","2025-11-25","","Parallel Execution","",""
"","142641","Real Test Execution","","2025-11-24","failed","2025-11-24","","Real Test Dashboard","",""
"","131006","Real Test Execution","","2025-11-20","failed","2025-11-20","","Real Test Dashboard","",""
"","28642","Parallel Instance 8","","2025-11-25","passed","2025-11-25","","Parallel Execution","",""
"","10251","Real Test Execution","","2025-11-25","failed","2025-11-25","","Real Test Dashboard","",""
"","55928","Parallel Instance 2","","2025-11-25","passed","2025-11-25","","Parallel Execution","",""
"","91324","Real Test Execution","","2025-11-25","passed","2025-11-25","","Real Test Dashboard","",""
"","122058","Real Test Execution","","2025-11-24","failed","2025-11-24","","Real Test Dashboard","",""
"","50505","Parallel Instance 4","","2025-11-25","passed","2025-11-25","","Parallel Execution","",""
"","109897","Real Test Execution","","2025-11-25","failed","2025-11-25","","Real Test Dashboard","",""
"","118226","Real Test Execution","","2025-11-24","failed","2025-11-24","","Real Test Dashboard","",""
"","52643","Parallel Instance 7","","2025-11-25","passed","2025-11-25","","Parallel Execution","",""
"","125566","Real Test Execution","","2025-11-20","failed","2025-11-20","","Real Test Dashboard","",""
"","119780","Real Test Execution","","2025-11-25","failed","2025-11-25","","Real Test Dashboard","",""
"","122280","Real Test Execution","","2025-11-25","failed","2025-11-25","","Real Test Dashboard","",""
"","29113","Real Test Execution","","2025-11-20","failed","2025-11-20","","Real Test Dashboard","",""
"","129758","Real Test Execution","","2025-11-25","failed","2025-11-25","","Real Test Dashboard","",""
"","158983","Real Test Execution","","2025-11-25","passed","2025-11-25","","Real Test Dashboard","",""
"","52510","Real Test Execution","","2025-11-24","failed","2025-11-24","","Real Test Dashboard","",""
"","50800","Parallel Instance 3","","2025-11-25","passed","2025-11-25","","Parallel Execution","",""
"","167566","Real Test Execution","","2025-11-24","failed","2025-11-24","","Real Test Dashboard","",""
"","128349","Real Test Execution","","2025-11-25","failed","2025-11-25","","Real Test Dashboard","",""
"","44888","Real Test Execution","","2025-11-20","failed","2025-11-20","","Real Test Dashboard","",""
"","322865","Real Test Execution","","2025-11-25","failed","2025-11-25","","Real Test Dashboard","",""
"","121589","Real Test Execution","","2025-11-25","failed","2025-11-25","","Real Test Dashboard","",""
"","16391","Real Test Execution","","2025-11-25","failed","2025-11-25","","Real Test Dashboard","",""
"","57415","Real Test Execution","","2025-11-25","failed","2025-11-25","","Real Test Dashboard","",""
"","60715","Real Test Execution","","2025-11-24","failed","2025-11-24","","Real Test Dashboard","",""
"","125165","Real Test Execution","","2025-11-25","passed","2025-11-25","","Real Test Dashboard","",""
"","51223","Parallel Instance 5","","2025-11-25","passed","2025-11-25","","Parallel Execution","",""
"","149617","Real Test Execution","","2025-11-20","failed","2025-11-20","","Real Test Dashboard","",""
"","53779","Parallel Instance 6","","2025-11-25","passed","2025-11-25","","Parallel Execution","",""
